Model,Experiment,Accuracy,F1_Weighted,Precision_Weighted,Recall_Weighted,Training_Time,Run_ID
Gradient_Boosting_Conservative_SMOTE,With Oversampling,0.9962410126028596,0.9962313110018386,0.9962653942032011,0.9962410126028596,1711.935387,2d6dbb93bd61416c9a47bbde127eabd6
Gradient_Boosting_No_Oversampling,No Oversampling,0.996145329287296,0.9961277161463785,0.996133598145134,0.996145329287296,780.333132,c86f40ea58604ac89bdfe76d525a23c1
Neural_Network_No_Oversampling,No Oversampling,0.9958992864758468,0.9958876132415402,0.9959596652829565,0.9958992864758468,14.3951,47a71bf744954fd2bd7d226cb8465c25
HistGradient_Boosting_No_Oversampling,No Oversampling,0.9957625960250417,0.9957416239115221,0.995745322391476,0.9957625960250417,2.136173,34883feff1b64977b82f6453c5b9cd37
Random_Forest_No_Oversampling,No Oversampling,0.9957352579348807,0.9957279607385819,0.9957906304819364,0.9957352579348807,2.292358,ed00a5d232c44e99b168d69d50f49ed0
Random_Forest_BorderlineSMOTE,With Oversampling,0.9957215888898001,0.9957260382858689,0.9957844001511778,0.9957215888898001,25.155267,f38be75faa0d4f3d80967a8c6381dade
Gradient_Boosting_ADASYN,With Oversampling,0.9956805817545586,0.9956838798621926,0.9957130380706645,0.9956805817545586,8042.069303,6ac94590dbd24875b21b69d1c80479c6
Gradient_Boosting_SMOTE_ENN,With Oversampling,0.9956259055742366,0.995640069973496,0.995718807867666,0.9956259055742366,5720.920252,aad522b446f0426ea8c3800a208451e7
HistGradient_Boosting_Conservative_SMOTE,With Oversampling,0.995502884168512,0.9955074931541942,0.995562401865571,0.995502884168512,5.037023,333f2b9f9c5c4eff8cb1e57cebdede74
Gradient_Boosting_BorderlineSMOTE,With Oversampling,0.9953798627627873,0.9953790396628245,0.9953951697790273,0.9953798627627873,6248.277406,881ea98712a14a2daca1b2a454a48905
Neural_Network_Conservative_SMOTE,With Oversampling,0.9952158342218212,0.9952297690900006,0.9953051962443418,0.9952158342218212,27.265995,915ec0e3d0c64c95a3c8a3d7f84dbafc
Random_Forest_Conservative_SMOTE,With Oversampling,0.9950244675906941,0.9950399286089262,0.9951261720821966,0.9950244675906941,5.352253,c02f917045f44c40a24fdeafc52703c5
Random_Forest_SMOTE_ENN,With Oversampling,0.9946143962382787,0.9946502542068726,0.9947683280809914,0.9946143962382787,19.351086,6761c6eeb62f4b55bce9dad61f741197
Extra_Trees_No_Oversampling,No Oversampling,0.9945187129227152,0.9945451332623289,0.9946709540448828,0.9945187129227152,0.919998,e12703bb4130499ab78b7f7276cbb16e
Extra_Trees_Conservative_SMOTE,With Oversampling,0.9939719511194948,0.9940149004301483,0.9941700415639558,0.9939719511194948,2.382614,34df807a2592447099d46580f4e8edf4
Extra_Trees_BorderlineSMOTE,With Oversampling,0.9938762678039312,0.9939292257445663,0.9940537256840997,0.9938762678039312,8.757011,0b68a96a378a48bf99d1b1d823d23dbe
HistGradient_Boosting_SMOTE_ENN,With Oversampling,0.9927007299270073,0.992861617289485,0.9932164029057119,0.9927007299270073,16.068771,f178401d39c349c39fbcdd7b855f5c50
Extra_Trees_SMOTE_ENN,With Oversampling,0.9927690751524099,0.9928561097100466,0.9931080137943403,0.9927690751524099,8.375054,d0894ee78e1541df9e21336d4ed21770
HistGradient_Boosting_BorderlineSMOTE,With Oversampling,0.9926050466114438,0.9926944455049105,0.9928778570907417,0.9926050466114438,11.362197,93aa10668fa444dd8587b76225f5aeae
Neural_Network_BorderlineSMOTE,With Oversampling,0.9921129609885453,0.9921576940076178,0.9922639395362746,0.9921129609885453,82.428372,6029bb4e52124e9490ce28756e070b58
Random_Forest_ADASYN,With Oversampling,0.9898849066404221,0.9903379705210099,0.9912923519420158,0.9898849066404221,23.473746,d5a741e4b02348eb83626fdaf3b452e3
Balanced_Bagging_Ensemble,No Oversampling,0.9887093687634981,0.9889907948415926,0.9896947395511871,0.9887093687634981,1.719268,6ebfe6f529904fca96891d0fa7c54e92
HistGradient_Boosting_ADASYN,With Oversampling,0.9885180021323711,0.9889595439212076,0.9898936327358527,0.9885180021323711,14.73822,feb6ef6e3533495a8013835674b4b5e9
Balanced_Random_Forest_Ensemble,No Oversampling,0.9873424642554471,0.9877565208734581,0.9888364007409585,0.9873424642554471,1.17851,a31c443db70c480393135f9fcc0b9cfa
Neural_Network_SMOTE_ENN,With Oversampling,0.9769813280844201,0.9802940444448173,0.9867199748630909,0.9769813280844201,94.653959,0b99036aac8f43a38ab1696d0f91c833
Neural_Network_ADASYN,With Oversampling,0.9750676617731485,0.9787352927401664,0.9857576050906443,0.9750676617731485,139.47024,60c9c8991a1a4fb38152deb22b47fede
Logistic_Regression_SMOTE_ENN,With Oversampling,0.9621367451269854,0.9643284363205287,0.9689515809610477,0.9621367451269854,35.085895,9ac6e5ff1cd945f7b326410a028fab4c
Logistic_Regression_Conservative_SMOTE,With Oversampling,0.9601410645452308,0.962715462732568,0.9678805989266943,0.9601410645452308,10.735719,0eb7bc1559954b3a981a32bc2dea4893
Logistic_Regression_No_Oversampling,No Oversampling,0.959744662237896,0.962450831635902,0.9677766168371201,0.959744662237896,6.342016,75c90567ceba49bb9e94bd680f3e3f5f
Extra_Trees_ADASYN,With Oversampling,0.9281008228765139,0.9485657469108837,0.9805395112341422,0.9281008228765139,7.333103,fe0b1dd75ed44f05bb87dfb17978618a
Logistic_Regression_BorderlineSMOTE,With Oversampling,0.9169058749555756,0.9330237059882084,0.9618161839212929,0.9169058749555756,37.822274,a896de017bec4c47bec2c5fdc4a7125d
Logistic_Regression_ADASYN,With Oversampling,0.7130320675797589,0.8015585334062376,0.9562769083244043,0.7130320675797589,38.406273,7162ab8f1a5e4f7a822684fe93d8eb2d
